 Watershed,N Load (no BMP),N Reduction,N Load (with BMP),	 %N Reduction,P Load (no BMP), P Reduction, P Load (with BMP),%P Reduction, BOD Load (no BMP),BOD Reduction,BOD (with BMP),%BOD Reduction,Sediment Load (no BMP),Sediment Reduction,Sediment Load (with BMP),%Sed Reduction

1,16.10267,0.0000000,16.10267,0.0000000,0.01878644,0.0000000,0.01878644,0.0000000,0.0000000,0.0000000,0.0000000,0.0000000,0.0000000,0.0000000,0.0000000,0.0000000
Total,16.10267,0.0000000,16.10267,0.0000000,0.01878644,0.0000000,0.01878644,0.0000000,0.0000000,0.0000000,0.0000000,0.0000000,0.0000000,0.0000000,0.0000000,0.0000000


----
Unit is "ton/year" for sediment and is "lb/year" for the others.
